customer_id,tenure,monthly_charges,contract_type_One year,contract_type_Two year,internet_service_Fiber optic,internet_service_No,actual_churn,predicted_churn,churn_probability
1502,49,88.91814104275167,False,True,False,False,0,0,0.001042426855452274
2587,62,50.26792103787547,False,False,False,True,0,0,0.01750506421311604
2654,41,90.10112670950409,True,False,False,False,0,0,0.0006135339023609831
1056,25,69.95483352046713,False,False,False,True,0,0,0.4589936047306003
706,17,103.86088875339622,False,False,False,True,1,1,0.9986602305921033
107,15,55.65713259508191,False,False,False,True,0,0,0.04447270822652015
590,3,70.66857908540028,False,False,False,False,1,0,0.4651406971801654
2469,19,25.34587126048181,False,False,True,False,0,0,0.00010807515874986937
2414,28,90.41755561946898,False,False,True,False,1,1,0.9805540772115977
1601,39,80.45741102582421,False,False,True,False,1,1,0.8715294612237248
2465,38,106.18751490158084,False,False,False,False,1,1,0.9991510580493491
229,41,36.74597445179885,True,False,False,True,0,0,1.4121108478140658e-08
916,47,95.05984567441264,False,True,True,False,0,0,0.0035821754060153988
795,69,107.40136713087156,False,False,False,False,1,1,0.9993278979386229
3022,57,101.31499883638142,False,False,True,False,1,1,0.9978802240044018
3544,61,87.40073564627112,False,True,False,False,0,0,0.0008237368458302492
1074,65,86.69354175572171,False,False,False,True,1,1,0.9622054227753066
3352,6,82.43726979236104,False,True,True,False,0,0,0.00029162280263047874
1745,24,88.17854977884546,False,True,True,False,0,0,0.0009006122239507841
1085,59,109.94125221673252,False,False,False,False,1,1,0.999594498981519
927,2,44.41475605069073,True,False,False,False,0,0,5.905833138799773e-08
3050,16,68.83096428258452,False,True,True,False,0,0,1.913424859237358e-05
1118,57,26.42385758571259,False,False,True,False,0,0,0.0001350786419263302
643,66,60.42416421070392,True,False,True,False,0,0,1.5984707277193472e-06
4768,45,42.352782230151135,False,False,False,True,0,0,0.003776985843887359
502,19,73.13568317526952,False,False,False,True,1,1,0.611002967425938
4067,49,59.00160607475607,False,False,False,False,0,0,0.08845213965447532
334,60,91.79326909401018,False,False,False,True,1,1,0.98570980551905
4685,51,98.45056022962171,False,True,True,False,0,0,0.007823980833876216
487,37,22.00232297321876,False,False,True,False,0,0,5.351086446991148e-05
1963,62,98.44056656084,True,False,True,False,0,0,0.0033522007799991174
394,2,94.57176662047873,False,False,False,True,1,1,0.9912191640178024
4843,39,108.06684625501484,True,False,False,True,0,0,0.025161943460164354
4867,66,110.63914823621592,True,False,True,False,0,0,0.040430641367199475
1756,19,56.16073184253895,False,False,True,False,0,0,0.048588028261605194
2516,50,70.8691940729376,False,False,False,False,1,1,0.5014442708204764
3586,63,31.27969188665769,False,True,True,False,0,0,1.1018831991734183e-08
4316,19,101.198149068571,False,False,False,False,1,1,0.9977590053329038
4967,47,55.424600318924426,False,False,False,True,0,0,0.04987646094267084
2100,50,38.99327662303591,False,False,False,False,0,0,0.0016666818194485977
3600,6,35.313480060440384,False,False,True,False,0,0,0.0008090147505948822
4122,15,97.59768498152422,False,True,False,False,0,0,0.006098572475177962
30,64,71.3175082282036,False,False,False,False,1,1,0.5112002254379238
66,40,38.117185085002006,False,True,True,False,0,0,3.8456535142830844e-08
839,7,76.84319543305034,False,False,False,True,1,1,0.7667647781787109
3907,20,88.9244019962023,True,False,True,False,0,0,0.000501210776664236
3774,2,24.91526287247104,True,False,False,False,0,0,1.2790530326872642e-09
4636,14,72.2693774044537,False,False,True,False,1,1,0.5808437625710077
3162,34,34.556750983323575,False,False,False,True,0,0,0.00075089334803692
2660,62,28.24332720189908,False,False,True,False,0,0,0.000203899614048856
4616,36,94.5864238365333,True,False,False,False,0,0,0.0015787685849989463
4629,59,107.38218211622534,False,False,False,False,1,1,0.9993843273162352
2452,63,87.23268099936412,False,False,False,True,1,1,0.9670695993594531
2847,26,97.0691970760234,False,True,False,True,0,0,0.005820916298494822
1145,59,69.3979149140188,True,False,False,True,0,0,1.0282192224000876e-05
3079,29,94.84063444050378,False,False,False,False,1,1,0.9918561850689224
1104,42,60.78959373715468,False,False,True,False,0,0,0.11527042579965763
169,32,20.51396275855603,False,True,False,False,0,0,1.0948639446910687e-09
1671,3,83.83500651307307,False,False,True,False,1,1,0.9277432716710624
2571,14,111.69611131024888,False,False,False,False,1,1,0.999711479587107
2378,9,94.52414861724412,False,False,False,False,1,1,0.9909624144076615
4396,3,43.87658940039733,True,False,False,False,0,0,5.826245623764462e-08
4258,56,92.66704692582124,False,False,True,False,1,1,0.9884882871761819
3863,20,75.86223368661894,True,False,False,False,0,0,3.5660797989943514e-05
24,62,24.3315273254312,False,False,False,False,0,0,8.468790127139853e-05
2634,39,47.54299036394728,False,False,True,False,0,0,0.009417355626623197
3341,18,119.07125586231052,False,False,True,False,1,1,0.9999373526593357
2216,46,107.57625388591552,False,True,True,False,0,0,0.04371459395176504
3683,56,98.12569537828522,False,False,False,False,1,1,0.9959613484439376
4725,6,103.1758140802247,False,False,True,False,1,1,0.9985211887433736
1908,8,80.63861169830528,False,False,False,True,1,1,0.8787678805457343
85,33,49.35347924586604,False,False,True,False,0,0,0.012516630843394301
228,61,37.159636706519,False,False,False,True,0,0,0.001205330931905168
297,42,76.2429374117921,True,False,False,False,0,0,3.586016934889672e-05
1002,16,29.148751838745877,False,False,False,False,0,0,0.00021667862591766117
2139,53,72.0134847784685,True,False,True,False,0,0,1.673690654999459e-05
712,68,23.739699040879728,True,False,False,False,0,0,1.0033481003416046e-09
2802,55,24.856272329566167,False,False,False,False,0,0,0.00010056411616466734
2528,65,89.3876535321616,True,False,False,False,0,0,0.000544688117114779
3753,3,117.86540813379648,False,True,False,False,0,0,0.2584043340065062
3322,39,105.2430417569119,True,False,False,True,0,0,0.013872837824085724
3182,27,31.98880314838454,False,False,False,True,0,0,0.00044557583723502765
4184,14,60.773921619159495,True,False,False,True,0,0,1.8814846236684372e-06
1616,5,87.23618579321943,False,False,False,False,1,1,0.9612579698825582
3025,10,113.33294191163472,False,False,False,False,1,1,0.9997937503906721
1414,38,25.29074332706644,False,True,True,False,0,0,3.041243099712443e-09
764,20,21.6660471244216,False,False,True,False,0,0,4.94306084193705e-05
656,32,29.5640696023716,False,True,True,False,0,0,6.970661655789768e-09
4798,8,53.07949947810432,False,False,True,False,0,0,0.028663496877755813
3850,3,112.9858500500561,False,False,True,False,1,1,0.9997871357679704
4154,56,84.4026437111944,False,False,True,False,1,1,0.9423145204569082
469,14,102.93851501423744,False,True,False,True,0,0,0.017268971229536675
158,59,111.18186286860916,False,True,False,False,0,0,0.08114537910577359
1296,5,29.834492159021316,False,True,False,False,0,0,7.089153477699604e-09
498,19,68.46895169363074,False,True,False,True,0,0,1.765041776419696e-05
4741,51,36.19671844029404,False,False,False,False,0,0,0.0010232193879818644
2941,50,71.31700163305644,False,False,False,False,1,1,0.5267145289166587
3457,68,117.19508452598056,True,False,False,True,0,0,0.1380823868438867
374,47,115.08186599164314,False,False,True,False,1,1,0.9998539664028614
80,63,56.03754923631707,False,False,False,False,0,0,0.04661875101134967
1554,45,101.5015316676148,False,False,False,False,1,1,0.997794988673628
1670,9,82.05568470234586,False,False,False,False,1,1,0.898332816778011
2132,9,22.912378498910527,False,False,False,True,0,0,6.882671087056236e-05
4440,46,73.14859273045047,False,False,False,False,1,1,0.6247668001157352
466,42,89.14160575131521,False,False,True,False,1,1,0.974126339469141
249,8,113.0824074990114,False,False,True,False,1,1,0.9997713225482255
932,59,33.141238285526846,False,False,False,False,0,0,0.0005054873092222526
1336,65,72.17334188532456,False,False,True,False,1,1,0.5686629156838587
4525,59,65.86579594923703,False,False,True,False,0,0,0.287165790560529
1339,14,40.37554858499438,False,False,True,False,0,0,0.0021167299591886087
1407,20,64.01803286971932,False,True,True,False,0,0,7.008425381139069e-06
1091,69,70.69996201433474,False,False,True,False,1,0,0.4947541808470608
4210,55,37.03672507815311,True,False,True,False,0,0,1.59880009060334e-08
743,40,84.0380746644241,True,False,False,False,0,0,0.00017274366591525344
2324,26,76.42835017334319,False,False,False,True,1,1,0.7628709098478932
3602,39,43.80852128071176,False,False,True,False,0,0,0.0045942180633607305
2124,64,44.98876064309002,False,False,True,False,0,0,0.0057487674687753685
2095,13,108.141033232325,False,False,False,False,1,1,0.9994035275699953
241,33,61.07092453916662,False,True,False,False,0,0,3.7284926115523124e-06
2352,41,73.54705745913381,False,False,True,False,1,1,0.6345406352874435
1371,59,109.10216829672116,False,False,True,False,1,1,0.999535123002268
1058,57,46.555759801241365,False,False,False,False,0,0,0.007396715439643266
4817,46,102.53212848418336,False,False,False,False,1,1,0.998357987420465
200,31,113.2488923589802,False,False,True,False,1,1,0.9997842565798264
2281,19,108.22057372269906,False,False,True,False,1,1,0.9994334977733859
4750,7,79.6516000698631,False,False,True,False,1,1,0.858291954530047
2221,49,60.08821351279104,False,False,True,False,0,0,0.10520998504707368
4772,64,82.5146091733354,False,False,False,False,1,1,0.918095673655515
2820,38,102.483715939574,False,False,True,False,1,1,0.9982762935986317
3151,18,83.85437274019134,False,False,False,True,1,1,0.9352460023871335
4257,58,90.0758667439716,False,True,True,False,0,0,0.00146412950391109
3108,54,90.67185770445602,False,False,True,False,1,1,0.9823583035865279
1974,32,107.41689214820684,False,True,False,False,0,0,0.040560018342966776
1376,3,35.4415757539213,False,False,False,False,0,0,0.0007609603052993962
3969,52,69.7202403556553,False,False,True,False,0,0,0.46022742672826156
4063,32,59.167559653554896,False,False,True,False,0,0,0.09153295932773746
4446,63,39.57077516387879,False,False,True,False,0,0,0.002070554403221305
3558,61,78.91563773937882,False,False,False,False,1,1,0.8401409346150767
965,30,104.99464959451883,False,False,True,False,1,1,0.9988940744861949
180,59,79.7839986845685,False,False,False,True,1,1,0.860701888205849
3699,57,113.77416549348222,False,False,True,False,1,1,0.9998283832199573
3822,38,110.33011273887594,False,False,False,True,1,1,0.9996707405671872
4879,49,58.290932817978565,True,False,False,True,0,0,1.2126701428143713e-06
3900,65,90.39134261281076,False,True,False,False,0,0,0.0015204569766220362
4488,13,96.18872788907524,False,False,True,False,1,1,0.9940358396184401
3239,68,89.48275793281259,False,False,False,True,1,1,0.9793212783947256
2975,21,111.18215936367427,False,False,True,False,1,1,0.9996935225955959
3581,56,100.57928659582348,False,False,False,False,1,1,0.9975197326448089
2888,66,36.21707271371881,False,False,True,False,0,0,0.0010183194661425006
2576,13,79.08158748955077,True,False,False,False,0,0,6.515961458171758e-05
1420,64,64.15039232811749,False,False,False,False,0,0,0.20512271951469183
3908,50,80.77098082270047,False,False,False,False,1,1,0.8837139707928537
4674,46,55.98825977545548,False,False,False,False,0,0,0.05098710148813651
4903,8,44.53047170590812,True,False,True,False,0,0,6.934931789833837e-08
1861,62,86.8670884897893,True,False,True,False,0,0,0.00032952032323643325
9,2,50.28298889787422,False,False,True,False,0,0,0.014498627999207732
2895,67,43.41990597880902,True,False,False,False,0,0,5.4923348063312814e-08
2848,71,46.4012846071893,False,True,True,False,0,0,2.2591704551449557e-07
3665,67,72.01829357323936,True,False,True,False,0,0,1.7734309124960218e-05
145,44,22.556979908973467,False,True,True,False,0,0,1.7108662707253593e-09
2105,37,94.75129705824769,True,False,False,True,0,0,0.0016555004785332168
3144,68,100.574689217812,True,False,True,False,0,0,0.005333374378364229
842,64,45.08734717161105,False,False,False,False,0,0,0.005532938961471638
1129,59,111.38762903217965,False,False,True,False,1,1,0.9997040183012521
152,52,68.56468653342772,False,False,False,True,0,0,0.39254804340030225
3592,55,38.31982451266349,False,False,False,False,0,0,0.001524614620830163
1053,34,82.84069576409897,False,True,False,True,0,0,0.000324860546638875
1591,69,54.09665634624847,False,False,False,False,0,0,0.03357991698933385
3009,36,78.25689092148112,True,False,True,False,0,0,5.874158760474866e-05
2030,11,64.37014470296678,False,False,False,True,0,0,0.2186285088572422
3419,41,76.41947917987453,False,True,False,False,0,0,8.886863942949635e-05
1808,21,65.275433770874,True,False,False,True,0,0,4.386723232893467e-06
2697,65,106.45413415820836,False,True,False,False,0,0,0.03558551527536519
3040,17,42.52399023352463,False,True,True,False,0,0,9.816205571683658e-08
473,9,49.92320043010606,False,False,True,False,0,0,0.01377825224814653
3290,47,76.50325249759499,True,False,True,False,0,0,4.216949467567001e-05
4075,22,86.16933016915031,False,False,False,False,1,1,0.9561798297177473
3497,26,46.12451324535824,False,False,False,False,0,0,0.006995164691748119
280,54,43.263663838677495,True,False,False,True,0,0,5.3004395279646425e-08
1742,15,68.36908231467939,False,False,False,False,0,0,0.364468512924598
4625,38,57.888709033260525,False,False,False,False,0,0,0.07220465849359778
2887,60,21.351727169972005,False,False,True,False,0,0,5.14241940986016e-05
1942,7,22.359196778079585,False,False,False,False,0,0,5.640419279488092e-05
101,3,33.76297343983613,False,False,False,False,0,0,0.0005253570477813202
2805,23,109.5644153063835,False,False,False,False,1,1,0.9995649717356775
3571,67,97.72042473508522,True,False,True,False,0,0,0.0030478709556836163
3685,41,44.16024620400399,False,True,False,False,0,0,1.3913605732018788e-07
3662,69,46.230493138443954,False,True,False,False,0,0,2.1739278247474002e-07
531,57,37.841609656349576,False,False,True,False,0,0,0.00130991960986281
1887,35,21.01144316608358,False,True,True,False,0,0,1.3017720925153896e-09
682,26,39.19554389957258,False,True,False,False,0,0,4.6641713126316177e-08
3795,4,41.01758352339233,False,False,True,False,0,0,0.002541448165224668
3945,53,72.3292462888995,False,True,False,True,0,0,4.3634652825098825e-05
4667,44,88.96080190004079,False,False,False,True,1,1,0.9773384190270236
2019,43,117.04385488840974,False,False,False,False,1,1,0.9999029946358413
1097,26,66.40004281964264,False,False,True,False,0,0,0.28257433620064515
830,17,21.94480503680812,True,False,False,False,0,0,6.62761421737246e-10
2806,15,32.61530962878168,False,False,True,False,0,0,0.0004660074309813939
3830,61,103.63842356312256,True,False,False,True,0,0,0.0104895556697944
4382,43,71.2018126675469,False,False,True,False,1,1,0.5345495118480637
3892,41,109.2152916869961,False,False,False,True,1,1,0.9995904952965621
765,12,53.89447753484487,False,False,True,False,0,0,0.030370305163857962
2768,13,48.46877615442717,False,False,True,False,0,0,0.011028865625490677
4329,71,55.63864785230282,False,False,False,False,0,0,0.04857993779835957
3296,16,28.094970202235608,True,False,True,False,0,0,2.485398915761942e-09
2195,33,75.97174359283134,False,False,False,False,1,1,0.7311892717815512
2358,48,97.02287656498731,False,True,True,False,0,0,0.005514649665245473
3426,10,102.55308233467494,False,False,True,False,1,1,0.9982733882458371
3980,56,78.76901275598189,True,False,False,False,0,0,6.674181741707864e-05
912,55,99.6644869015138,False,False,True,False,1,1,0.9968728808485318
3146,56,49.58227185818632,False,False,False,False,0,0,0.014235827269512323
1000,32,46.77924745226338,True,False,True,False,0,0,1.0072869495437394e-07
3654,64,79.49534887808105,True,False,False,True,0,0,8.372652019279543e-05
2484,63,117.33665661522872,False,False,False,True,1,1,0.9999185456043062
4077,13,32.757646891669296,False,False,False,False,0,0,0.00048336241792492723
2371,8,59.02879086631364,False,True,True,False,0,0,2.609625622236031e-06
4839,42,26.40845876040662,False,False,True,False,0,0,0.00014629572807756214
34,21,111.19595841996332,False,False,True,False,1,1,0.999669255225688
3790,13,119.60887272645122,False,True,True,False,0,0,0.3388114639287467
1021,69,25.25743978110032,False,False,False,False,0,0,0.00010556286040426496
1648,4,23.46507098140171,False,True,True,False,0,0,2.0418954715381366e-09
734,70,44.22571575847674,False,False,True,False,0,0,0.004789777150755871
4583,66,63.23559921467647,True,False,False,True,0,0,3.304980451095473e-06
3275,47,36.25156447571153,False,False,True,False,0,0,0.0010139377184792766
1621,43,47.59488281571876,False,False,False,False,0,0,0.009086794051717305
3136,44,37.60396821549707,False,False,False,False,0,0,0.0012887969804700765
2690,56,78.4319731762709,False,False,False,False,1,1,0.8224910685899383
2708,49,100.77392932007145,True,False,False,False,0,0,0.005242856099352452
298,26,47.94453073189026,True,False,True,False,0,0,1.2400716916508644e-07
2340,39,98.83995309449124,False,False,True,False,1,1,0.9963861784654533
654,67,46.52085369968291,False,True,False,False,0,0,2.120542633048778e-07
3775,50,20.531416915486204,False,True,False,True,0,0,1.33945297311075e-09
1256,40,71.47842349331344,False,False,True,False,1,1,0.5265976666131955
4521,31,90.19472001198068,True,False,True,False,0,0,0.0006654891310649795
231,68,23.326797116935843,False,True,False,False,0,0,2.007984433302457e-09
3277,38,33.34688792821285,False,False,True,False,0,0,0.0005609253871893571
3231,4,66.1925204205735,False,False,False,True,0,0,0.29233469821189295
692,26,35.485757407882126,False,False,True,False,0,0,0.0007923673456220812
2755,51,74.86343051945835,False,False,False,False,1,1,0.6929655901225196
4864,68,110.46052531128691,False,False,True,False,1,1,0.9996808827420685
970,1,118.64874015717297,True,False,False,False,0,0,0.14632050332832905
634,4,59.32614850992152,False,False,False,True,0,0,0.08864760274832988
4093,59,48.82026938500388,True,False,False,True,0,0,1.7989245927065342e-07
4078,45,105.93328197237516,False,True,True,False,0,0,0.03337991762733608
1322,63,37.73513616597428,False,False,True,False,0,0,0.001318754919589149
1832,55,87.20525405053618,True,False,False,False,0,0,0.0003413322837280669
2179,22,29.04963110958668,False,True,True,False,0,0,6.476049554317138e-09
1418,2,90.20825668844964,False,False,False,False,1,1,0.9780837578168384
1783,41,21.055163681590056,False,False,False,True,0,0,4.873326991518177e-05
4716,11,39.14934099308023,True,False,False,True,0,0,2.4923794357392786e-08
4702,53,73.49040863826443,False,False,False,True,1,1,0.6624308755124079
4119,44,21.86465864147829,False,True,False,False,0,0,1.617923717247807e-09
1653,1,23.80491783100909,False,True,False,False,0,0,2.1274237086901573e-09
1484,53,105.81389250266544,False,True,False,True,0,0,0.032503190881818564
2276,21,96.42515980693956,True,False,False,True,0,0,0.0022827936165927556
878,27,77.0181631754694,False,False,False,False,1,1,0.7628244879465155
3526,36,88.686649373491,False,False,True,False,1,1,0.9737240898580322
2017,65,55.97894133819296,False,False,True,False,0,0,0.049658809587171227
427,36,92.52870843545551,False,True,False,False,0,0,0.002055752374762985
627,63,62.49535190624304,False,False,False,False,0,0,0.15332113020837
1590,59,99.6861570276191,False,False,True,False,1,1,0.9969562556669318
2224,5,40.77904647047538,False,False,False,False,0,0,0.0022712207613898314
2218,69,21.764516017860583,True,False,True,False,0,0,7.20937725533971e-10
4484,30,75.68805901479658,False,False,False,False,1,1,0.7314248849419341
1486,32,118.02612078164992,False,False,False,False,1,1,0.9999181644176871
1740,26,96.727917751563,False,False,False,False,1,1,0.9941837454556111
2481,28,108.22350810207652,False,False,True,False,1,1,0.9994425981651893
2585,49,64.7569950507972,False,False,True,False,0,0,0.23237503616242536
2894,39,90.59904029619936,False,False,True,False,1,1,0.9816979987420739
150,62,28.24059718619482,False,True,False,False,0,0,5.328920147253361e-09
677,47,23.52151735255235,False,True,False,False,0,0,2.0631679727724036e-09
1262,5,104.00188319206984,True,False,True,False,0,0,0.009343733118338277
4918,41,91.50763673777756,False,False,False,False,1,1,0.9851857140557155
13,64,113.86648132933722,False,False,False,False,1,1,0.9998110297278828
1834,12,57.17269846164606,False,False,True,False,0,0,0.05854763347224769
3249,36,78.18652665047078,False,False,True,False,1,1,0.8176009627191743
1492,37,109.9023982649484,False,False,False,False,1,1,0.9995855255832427
2728,46,95.75483931333711,False,False,False,False,1,1,0.9932771834965461
3687,71,39.67587776716556,False,False,False,True,0,0,0.0022131998539164505
1425,32,20.074770837053105,False,False,False,False,0,0,3.620492476092454e-05
4606,21,46.62334945178014,False,False,True,False,0,0,0.008101182987921127
4596,27,114.4229579364256,False,False,False,False,1,1,0.9998441198480297
732,21,51.03071157916975,False,True,True,False,0,0,5.100152166852462e-07
1232,54,112.8014236729381,False,False,False,False,1,1,0.9997710069447274
1635,48,38.35641142169329,False,True,True,False,0,0,4.246719134937683e-08
3937,46,104.99875931690104,True,False,False,False,0,0,0.012503974860007835
1211,70,115.39367525264088,False,False,False,True,1,1,0.9998765647560085
3269,40,54.15696329442751,False,True,True,False,0,0,1.0440858709241645e-06
1935,50,64.03742230252107,False,True,False,False,0,0,7.210327696771372e-06
554,41,90.43353159571804,False,True,False,True,0,0,0.001478624879025506
492,71,81.9204317292155,True,False,False,False,0,0,0.00011626868614968971
2963,56,25.510963994066675,False,False,True,False,0,0,0.00011807176113230957
2330,58,45.97944161711604,False,False,True,False,0,0,0.006993831856398222
2196,17,55.900076807926375,False,False,True,False,0,0,0.04665133200023666
3065,58,47.22405425060447,False,False,True,False,0,0,0.009134944739986384
658,61,31.32996043982677,True,False,True,False,0,0,4.661248464506414e-09
2375,70,78.56041678395073,False,False,True,False,1,1,0.8306654404627482
2226,4,100.30371607674718,False,False,True,False,1,1,0.9971847844128817
4265,40,62.46790124184585,False,False,False,False,0,0,0.16209076043363754
1171,34,114.7796066014457,True,False,False,False,0,0,0.07611055671589816
133,62,59.82805490890544,False,False,True,False,0,0,0.09673258142917021
472,18,75.3558532662358,True,False,False,True,0,0,3.181635288923785e-05
3226,71,93.83512771211949,False,False,False,False,1,1,0.990552446906644
1406,3,55.17201113456523,True,False,False,True,0,0,5.61000491715517e-07
2877,45,102.9695684417064,True,False,True,False,0,0,0.008312110775886566
4505,20,74.94895735118203,False,False,False,True,1,1,0.715790489708897
4693,4,51.82549972794209,True,False,False,False,0,0,2.893144242039912e-07
2827,31,74.74064060012253,True,False,False,False,0,0,2.804802922753403e-05
288,66,101.50721006758069,True,False,False,True,0,0,0.006283661382582975
1870,15,29.43974759038592,False,False,True,False,0,0,0.00024049821496762008
3115,5,93.42720305307154,False,False,True,False,1,1,0.9891903285445282
3626,10,57.26051035770798,False,False,False,True,0,0,0.06554988443899053
2313,60,51.271329514145805,False,False,True,False,0,0,0.019975421174356238
4924,56,53.91308154847027,True,False,False,False,0,0,4.6936512603009866e-07
1619,65,38.443519058426496,False,False,False,True,0,0,0.0016251746210507662
995,67,61.8345807493758,False,False,True,False,0,0,0.14148676416287317
1804,5,109.951276509631,False,True,False,True,0,0,0.06849567753094629
2643,39,72.80474490037993,False,False,False,False,1,1,0.5949988050731804
4803,27,115.73136131913728,False,False,False,False,1,1,0.9998807429491932
3536,60,50.34962317890152,True,False,True,False,0,0,2.2772381563727019e-07
4832,6,21.78337901936233,False,False,True,False,0,0,5.555722190438436e-05
3912,12,47.734676172462926,False,False,False,False,0,0,0.009588742676642656
2108,3,36.94224020932469,False,False,False,False,0,0,0.0010481463072611178
3045,43,38.59336408743846,False,False,False,False,0,0,0.0015654672781240204
417,35,67.13082745741212,False,False,False,False,0,0,0.30638650067076373
978,8,87.71449666716693,False,False,True,False,1,1,0.9650172442428457
2418,52,73.5660061728112,False,False,True,False,1,1,0.6387256510841037
506,13,49.96686838414908,False,False,False,True,0,0,0.014779575789368548
4153,19,71.14810467883832,False,False,False,True,1,1,0.5377189720618204
4256,54,88.27272977953116,False,False,True,False,1,1,0.9726044143541331
3942,56,62.39305350296662,True,False,False,False,0,0,2.5021378964925407e-06
415,46,91.26656189865444,False,False,True,False,1,1,0.9830012029756028
4149,63,110.28766470629958,False,True,False,False,0,0,0.07625251593921106
1184,56,103.839963809219,False,True,False,False,0,0,0.02034228124535645
486,29,64.59555450921017,False,True,False,False,0,0,7.5729024364768125e-06
894,37,25.7741079467036,False,False,True,False,0,0,0.00011522052696555237
806,60,37.56720999559107,True,False,False,False,0,0,1.593676794456545e-08
556,27,93.87435096159302,True,False,False,False,0,0,0.0012152795882465072
3826,12,63.69548610836978,False,True,True,False,0,0,6.947088695910185e-06
1198,37,80.22563023772572,False,False,True,False,1,1,0.8647115164367662
4254,64,110.06660841086284,False,True,False,False,0,0,0.07345817866975313
4059,38,30.779224736554127,True,False,False,True,0,0,4.7163308607403185e-09
1294,60,27.830167047955747,False,False,False,True,0,0,0.0001911063278741211
2222,21,49.73933320619897,True,False,False,True,0,0,1.9697766431812776e-07
3505,39,43.40052871603699,False,True,False,False,0,0,1.1863458587257035e-07
3655,61,99.3893361762072,False,True,False,False,0,0,0.009061520950702362
4759,54,102.27364860434314,True,False,True,False,0,0,0.007687776449586212
3007,8,50.84692125826864,False,False,False,False,0,0,0.017250564089176877
2094,29,48.32190838096675,False,False,True,False,0,0,0.010713464732342531
2188,55,60.87437628085279,False,True,True,False,0,0,3.965972771840431e-06
3037,35,117.15163568041392,False,False,False,True,1,1,0.999914017490374
3919,13,102.96686802650952,False,False,True,False,1,1,0.9984368221133876
1273,62,30.27682426497818,False,False,True,False,0,0,0.0002952781739476256
291,17,87.15877429389259,False,False,False,False,1,1,0.9598390042793726
4828,53,77.3653202988757,False,False,False,False,1,1,0.7979459999856898
253,30,104.56535222773424,False,False,False,True,1,1,0.9988395230997378
3246,40,52.66890225317484,False,False,False,True,0,0,0.027823857989110044
351,62,70.24656497627655,True,False,False,True,0,0,1.1972599251255209e-05
1188,5,88.94171338713247,False,True,False,True,0,0,0.001070927197204926
1962,2,58.72460482034749,False,False,False,False,0,0,0.07598140036282747
423,58,61.23664872746811,False,False,False,False,0,0,0.12214451416513879
91,34,100.77178199814796,True,False,True,False,0,0,0.004919513599338007
3730,9,55.07372984043088,False,False,True,False,0,0,0.041058502108349194
2237,60,20.391410573539066,False,True,True,False,0,0,1.1939770714057376e-09
671,46,106.06678217888852,True,False,True,False,0,0,0.01450086370850342
3041,12,88.14601154252719,False,False,True,False,1,1,0.9696387343588776
27,62,94.473672782921,True,False,False,False,0,0,0.0014057224292743746
430,64,40.21493992252708,True,False,False,False,0,0,2.6946332823456955e-08
684,1,47.15504551774856,True,False,False,False,0,0,1.0151228579464636e-07
4464,46,55.68998871747549,True,False,False,True,0,0,7.09551599502482e-07
3946,35,54.40754933703557,True,False,True,False,0,0,5.047908906981165e-07
3524,38,85.97636404530837,False,False,False,False,1,1,0.9546779799079458
1542,14,96.25340377755349,False,True,False,False,0,0,0.004348814570749683
2032,15,61.13302903312368,False,False,True,False,0,0,0.12185698950360585
2233,41,81.00433454577515,False,False,False,True,1,1,0.8909435904579266
4121,32,33.78949424145766,False,False,False,False,0,0,0.0006080721751571953
3236,19,29.99852474837767,False,False,True,False,0,0,0.00028031895809288595
255,64,20.16437571124497,True,False,False,False,0,0,4.81814863373763e-10
1030,38,46.07087741328522,False,False,True,False,0,0,0.006725773897451143
4393,65,80.79577026836093,False,False,False,False,1,1,0.8872695544180074
3801,1,79.66578919970902,True,False,True,False,0,0,7.647736065498455e-05
4311,14,53.91645325250337,False,False,False,True,0,0,0.0354155596211772
2510,48,49.25150203410311,False,False,False,False,0,0,0.012994498657370042
2293,28,111.5167137974555,False,False,False,False,1,1,0.9997034391935197
1324,60,100.54960460322444,False,True,False,False,0,0,0.01071036604044271
1551,40,106.64510632490416,False,False,False,False,1,1,0.9992079757844345
4648,27,43.89046956675766,False,False,False,True,0,0,0.005013923913375268
316,63,38.49202974671444,False,True,False,True,0,0,4.535592958945304e-08
1243,32,114.7299999420067,True,False,False,False,0,0,0.07539036947545431
2451,15,95.50604148161828,False,False,False,False,1,1,0.9926297411427932
1579,6,31.69830463852576,False,True,True,False,0,0,1.0641251516634653e-08
4626,67,23.471615218389456,True,False,False,False,0,0,1.0550537809451038e-09
3117,54,92.01016545391413,False,False,False,True,1,1,0.9871969742960834
70,60,79.40494655668113,False,False,True,False,1,1,0.8437439114706566
860,31,102.0591789324148,False,True,False,True,0,0,0.014952003484184682
2754,53,21.133259320448754,False,False,False,False,0,0,4.751125483558403e-05
1633,14,101.83005094393818,False,False,False,False,1,1,0.997865760986328
1651,13,69.3543659589453,True,False,False,False,0,0,9.044250807537023e-06
3861,43,87.25224042381393,False,False,False,True,1,1,0.9676694006705872
3107,52,82.23166372485518,False,False,False,False,1,1,0.9090137200462676
1075,51,46.71440698706493,True,False,False,False,0,0,9.941074975225726e-08
4002,40,50.884727478162,False,False,False,True,0,0,0.020016208083453578
788,17,88.91210904957582,True,False,False,False,0,0,0.0004474724425439205
2606,46,21.34094538721231,False,False,False,False,0,0,4.894296149005356e-05
3631,39,111.344469847559,True,False,True,False,0,0,0.04354509072724253
2122,65,91.90194431628912,False,False,True,False,1,1,0.9859683817998317
1875,38,86.4817990716271,False,True,False,False,0,0,0.000638307393620894
812,35,27.53014335984697,False,False,False,False,0,0,0.0001592584045795272
388,58,67.81589235558441,True,False,False,False,0,0,6.76000306397184e-06
2883,40,87.55323686200568,False,False,True,False,1,1,0.9668356608262118
1176,32,40.28532387278652,False,False,False,False,0,0,0.0020629492116865235
3198,18,49.90126796093461,False,False,False,True,0,0,0.01575413057132323
2624,18,23.79759675696065,False,False,False,True,0,0,8.414034129728841e-05
1352,58,92.74770779964966,False,False,False,False,1,1,0.9874993071882324
411,44,113.29566255282272,False,False,False,True,1,1,0.9998021932186302
4213,30,34.84016964862154,False,False,True,False,0,0,0.0007687444411138001
110,63,71.22147076770516,False,False,True,False,1,1,0.5125922469744599
4996,22,86.17907138145209,False,False,False,False,1,1,0.9572846312724795
3430,38,68.30118555483787,False,False,True,False,0,0,0.3835982936341799
2810,53,27.17317378149084,False,False,False,False,0,0,0.0001596719928621839
2595,51,66.01171832033255,False,False,False,False,0,0,0.27593938362737847
2837,41,49.29252034031229,False,False,True,False,0,0,0.013422640770787227
2373,48,87.04466652825093,True,False,False,False,0,0,0.0003326987158627422
1236,20,110.61375361274794,False,False,True,False,1,1,0.9996397206777049
2147,20,80.54444853053423,True,False,True,False,0,0,8.914982644461941e-05
4976,44,58.58125217592894,False,True,False,True,0,0,2.8219094495901214e-06
600,62,103.64155965798568,False,False,False,True,1,1,0.9986661103417868
1435,46,113.48930465545084,True,False,False,False,0,0,0.060978860414631464
4997,16,64.8228014526089,False,False,True,False,0,0,0.23966223050528324
539,54,40.699360124505816,True,False,True,False,0,0,3.015384630227708e-08
722,52,101.306279721412,False,False,False,False,1,1,0.9976740433068246
4411,25,35.38259245074109,False,False,False,False,0,0,0.0008365111895816699
1873,49,96.24445219391,False,False,True,False,1,1,0.9939276133523404
2846,8,64.18490344777325,True,False,True,False,0,0,3.3739405268526406e-06
2054,21,73.70834555901035,False,True,True,False,0,0,4.980470562331417e-05
2908,53,62.25393802238548,False,False,False,False,0,0,0.15351472244644024
2255,56,79.13011489232447,False,False,False,True,1,1,0.850988203770166
3913,40,70.0231478925802,True,False,True,False,0,0,1.1605626795628534e-05
178,11,100.32449046648064,False,False,False,False,1,1,0.9969912238870005
2891,56,87.8788222260245,False,False,False,True,1,1,0.9710616958388923
3674,25,60.41484317770563,False,False,False,True,0,0,0.1185256666568447
81,11,80.48394293625812,False,False,True,False,1,1,0.8637948869151603
2562,17,93.27001838708073,False,False,False,True,1,1,0.9894468222500193
1724,42,45.68300377251852,True,False,False,True,0,0,8.82773187734245e-08
1618,34,47.81121675538034,False,False,False,True,0,0,0.0101711940857908
1655,71,72.80680809320789,False,False,False,True,1,1,0.6167456542618023
2329,40,88.83576249136577,False,False,False,False,1,1,0.9731678654343904
4614,36,113.34410071708584,True,False,True,False,0,0,0.06503388538320803
222,38,119.54741523468144,False,False,False,False,1,1,0.999938014901036
94,23,21.89454033743546,True,False,True,False,0,0,6.632897667345887e-10
2610,19,100.56082888143146,False,True,True,False,0,0,0.010859062220879654
3383,5,23.332319943950846,False,False,True,False,0,0,7.280903267826348e-05
4416,45,113.32250613191285,False,False,True,False,1,1,0.9998131719821485
1398,50,95.05441637537376,True,False,True,False,0,0,0.0016548267648877435
4687,3,83.43293572573793,False,False,True,False,1,1,0.9277706597373696
1293,38,41.7748704834022,False,False,True,False,0,0,0.0028739934823036094
2165,3,63.81116510332952,False,False,True,False,0,0,0.19028071427409823
2940,38,78.50778163732161,False,False,True,False,1,1,0.8261456602705044
3669,53,99.06029647697554,False,False,True,False,1,1,0.996715234396026
813,37,57.58524651819792,True,False,False,False,0,0,8.587343598848607e-07
1259,11,62.34820092493328,False,False,True,False,0,0,0.1472063071237549
890,60,108.26154575172458,False,False,False,True,1,1,0.9994741444165766
1452,44,105.51653449714728,False,False,True,False,1,1,0.9990322788691591
3317,15,48.82958045542563,True,False,False,False,0,0,1.5485865364033656e-07
2560,6,60.18134586016952,False,False,False,False,0,0,0.10105015617402333
3575,69,25.27566148320908,False,False,False,False,0,0,0.00011347133623950407
2681,63,82.60981019870468,False,False,False,False,1,1,0.9151755977788152
4652,54,60.21311550288764,False,False,True,False,0,0,0.1145984548493912
4812,4,84.46722860722844,False,False,True,False,1,1,0.9407420201714131
4680,66,83.29338804710447,False,False,False,True,1,1,0.9342238986103835
2965,37,90.29917261468196,True,False,True,False,0,0,0.0006562265409687002
2673,30,118.41188838262372,True,False,False,False,0,0,0.15026973282289274
562,46,73.22228748561939,False,False,False,False,1,1,0.6035892494387015
2779,36,89.54106709697243,False,False,True,False,1,1,0.9773279265414367
2949,28,50.4838169256267,False,False,True,False,0,0,0.016786038673822824
2818,19,108.10040848147078,True,False,False,False,0,0,0.021707416408189708
2759,51,116.79697967699556,False,False,False,False,1,1,0.9999009849773166
1757,36,60.64185410021378,False,False,True,False,0,0,0.11335632847820726
725,59,82.85021702362039,False,False,False,False,1,1,0.9144823260551077
220,24,117.75899603450432,False,True,False,True,0,0,0.25620030167844104
4140,50,68.77188683153695,True,False,True,False,0,0,9.190250161743724e-06
3958,29,110.78726769352409,False,False,False,True,1,1,0.9996975783761225
1589,70,78.43959215894574,False,False,False,False,1,1,0.8207160511728169
3348,61,68.11881514751025,False,False,False,True,0,0,0.39414841760107516
3971,3,39.18361146010106,False,False,False,False,0,0,0.0017257980121016235
4708,28,97.0642527014762,True,False,False,False,0,0,0.002574664300947983
44,71,30.46759705355333,False,False,False,True,0,0,0.00031745921426765014
3002,54,103.44291199057425,False,False,False,True,1,1,0.9986867170699254
211,32,52.61078525125735,False,False,False,False,0,0,0.02327768653082884
678,56,94.61796385522725,False,True,False,True,0,0,0.003484475336856542
355,1,80.59261954142474,True,False,True,False,0,0,8.395010076051462e-05
1434,17,68.68282119412368,False,True,False,False,0,0,1.7386705326921546e-05
950,20,102.17524169853904,False,False,False,False,1,1,0.997985142218523
2844,35,60.23935648144301,True,False,False,True,0,0,1.66998138087761e-06
578,26,52.83854996166053,False,False,False,False,0,0,0.024410678367374906
3929,22,37.56001397085174,False,True,False,False,0,0,3.649941082938558e-08
545,24,102.76751947812718,True,False,True,False,0,0,0.0073277251601127635
368,26,86.33625340146814,True,False,False,False,0,0,0.0002667739273162413
1613,1,49.03618853666809,True,False,True,False,0,0,1.5540568297083784e-07
3551,63,50.04887586326389,True,False,False,False,0,0,2.101561308815647e-07
3717,3,20.18120338692517,False,False,False,False,0,0,3.805693378987163e-05
3780,62,88.43286504552667,False,False,False,True,1,1,0.9747903245523187
136,27,112.1513391907418,False,False,False,False,1,1,0.9997229692649315
4481,18,41.51205970460409,False,False,False,False,0,0,0.0028351930531832596
1438,20,65.6508855341533,True,False,True,False,0,0,4.4184620257524e-06
48,35,23.093088139356603,False,False,False,False,0,0,6.411313316635727e-05
1361,29,95.2847475091384,False,False,False,True,1,1,0.9927967400127444
735,4,40.34879945553125,True,False,False,False,0,0,2.606470552742471e-08
1535,2,101.92342121024204,False,False,False,True,1,1,0.9980358419334865
2005,21,92.6303500368818,False,False,True,False,1,1,0.9871959254440016
3796,23,69.7687959547772,False,False,False,True,0,0,0.4674536713377588
2520,20,67.25758530438557,False,False,False,True,0,0,0.3381711646080683
1973,45,115.44227803210738,False,False,False,True,1,1,0.9998767812051143
997,8,50.32829394045271,False,False,False,False,0,0,0.014767324852141538
62,14,49.57475625950207,False,True,True,False,0,0,3.711537604117433e-07
1109,44,107.93244633625606,False,False,True,False,1,1,0.9993980175289375
2406,60,62.75075575926496,False,False,False,False,0,0,0.1661420036100412
96,37,40.83995736183316,True,False,False,True,0,0,3.182419219577007e-08
479,40,118.57682495857412,False,False,True,False,1,1,0.9999271460769816
4360,30,33.67222763734658,False,False,True,False,0,0,0.0006107813123170124
4113,33,85.93281279840014,False,True,True,False,0,0,0.0006183302870429564
3708,36,44.031231029667445,True,False,True,False,0,0,6.273066714085552e-08
1102,61,27.496004347001307,False,False,False,False,0,0,0.00016419610557633747
2747,22,107.21611519695064,True,False,False,False,0,0,0.018272564215914718
2171,30,65.64134397124243,False,True,True,False,0,0,1.0018384195035962e-05
323,58,100.78656456839812,False,False,True,False,1,1,0.9974700875789505
4255,61,102.36592509839738,False,False,True,False,1,1,0.9983456017276087
3143,16,108.08814237747367,False,True,False,True,0,0,0.05044882552191271
3538,54,119.1056508739087,True,False,True,False,0,0,0.17960098117841142
4926,12,78.00384879009225,True,False,False,True,0,0,6.055622128908192e-05
2925,53,92.1800421549856,False,False,False,False,1,1,0.9865090871020711
1150,14,33.72271466168711,True,False,False,True,0,0,7.657103797758222e-09
3618,66,93.88013832681897,False,True,False,True,0,0,0.0032902251703606816
292,33,23.172249181603117,False,False,False,True,0,0,7.092185359988635e-05
3750,58,56.69981472682208,False,False,False,False,0,0,0.05773782255883489
3587,52,90.58824446817216,False,False,True,False,1,1,0.9822510234452768
534,49,81.4133176187518,False,False,False,False,1,1,0.8874627085168139
3608,30,26.91741905054172,False,True,True,False,0,0,4.429002034314485e-09
2649,38,35.8452440180763,False,True,True,False,0,0,2.6080712596582353e-08
4811,31,117.65019736460124,False,False,True,False,1,1,0.9999211071024916
1984,34,48.81645228839513,False,False,False,False,0,0,0.011573202818816124
2933,12,21.838098977524204,False,False,False,False,0,0,5.247813095146986e-05
1537,69,105.99407141834092,False,False,False,False,1,1,0.9991266066459891
4535,31,24.732453013642136,False,True,False,False,0,0,2.8645170731684747e-09
4173,42,70.48748150953071,False,False,True,False,1,0,0.4971179823539862
3361,62,112.95830945975688,False,False,False,False,1,1,0.9997923249505292
3666,7,76.7128707532373,False,False,True,False,1,1,0.7654798287870752
4006,62,22.254922153008643,False,False,False,True,0,0,6.738735476338016e-05
3627,36,43.03428321023512,False,True,False,False,0,0,1.1022157874464908e-07
587,6,45.74789761437248,True,False,True,False,0,0,7.864943661099066e-08
3257,53,37.74094701211824,False,False,True,False,0,0,0.0013749092897991201
2299,17,117.2522495633662,True,False,False,False,0,0,0.12027904451270748
3989,26,111.80105100943504,True,False,True,False,0,0,0.04728642967146463
585,21,92.80122577961974,False,True,True,False,0,0,0.0021948525819105004
2424,57,68.28547649829468,True,False,False,True,0,0,8.495123653897937e-06
1392,46,88.97912473128662,True,False,False,False,0,0,0.00047639638333462573
4526,10,84.23196509757443,False,False,False,False,1,1,0.936608905704679
4921,44,107.91102238929648,False,True,False,True,0,0,0.05260472203301016
4801,50,98.6321806136077,False,False,False,False,1,1,0.9964332504953939
3241,37,54.02162384553347,True,False,False,False,0,0,4.486798975439088e-07
4282,45,96.06613420236064,False,False,True,False,1,1,0.9940731533893131
3339,32,51.83520221360109,True,False,True,False,0,0,2.9553072711175244e-07
3221,26,47.22856607081342,True,False,False,True,0,0,1.2301480084507083e-07
2112,29,26.00081925890118,False,True,True,False,0,0,3.5364118617931102e-09
1175,18,30.949097255446212,False,False,False,True,0,0,0.0003393064385043537
4863,11,37.82501439579633,False,False,False,False,0,0,0.001359036640457689
3812,48,23.36497233990266,True,False,True,False,0,0,1.012616449894316e-09
1868,22,46.72586851470618,False,True,False,True,0,0,2.3512539423954294e-07
2615,45,20.899865728325576,False,False,True,False,0,0,4.583993417091684e-05
3867,55,62.86648243894848,True,False,True,False,0,0,2.808663272165085e-06
4886,69,76.08123417775172,True,False,False,True,0,0,4.3903005090374604e-05
3779,62,65.32616833817231,False,False,False,True,0,0,0.2734859108825072
3847,32,83.99563851145705,True,False,False,False,0,0,0.00018448282098498055
2417,35,27.512291015450923,False,False,True,False,0,0,0.00016967089179439353
71,41,78.96534951515477,True,False,True,False,0,0,6.292475555071761e-05
4881,58,80.42054798633042,False,False,False,False,1,1,0.8800677874598397
1127,12,113.14789925966808,False,False,False,False,1,1,0.9997752777737935
4025,32,28.642463244723743,False,True,True,False,0,0,6.343647259912619e-09
3251,24,34.45797102395847,True,False,False,False,0,0,8.758692486446451e-09
3902,22,116.78623511632132,True,False,True,False,0,0,0.11808938102341272
1096,62,63.6757817847075,False,False,False,False,0,0,0.188360488080216
4546,71,112.75035512965756,False,True,False,False,0,0,0.12121780965829539
1213,56,98.89270239488796,False,False,False,False,1,1,0.9962981335309443
3922,49,90.30939037594328,False,True,True,False,0,0,0.0015049966355687899
1426,11,79.41363914775513,False,False,True,False,1,1,0.8414085372627875
3067,57,103.5935490016508,False,False,False,False,1,1,0.9986257582822284
4520,61,57.35196642317412,True,False,True,False,0,0,9.527880612858527e-07
2101,23,101.87468103841915,False,False,True,False,1,1,0.9979808981212338
808,11,91.53810171786552,True,False,False,True,0,0,0.0008157859738581559
4744,53,57.53773538993198,True,False,True,False,0,0,9.858880683410702e-07
3751,17,30.612541856490243,False,False,False,False,0,0,0.00031316341285006347
1363,2,32.781184436038274,False,False,True,False,0,0,0.00045664572171566557
2318,49,79.88830947573172,True,False,False,False,0,0,7.924832137932091e-05
4582,32,71.7432559812963,False,False,False,True,1,1,0.5736567089614049
4742,37,90.08179626386791,False,False,True,False,1,1,0.9806580246315277
1026,12,59.67893254145842,False,False,True,False,0,0,0.09138127189512146
3110,57,61.209656870811465,False,False,False,False,0,0,0.12935711840077155
2111,23,102.5603424907015,False,False,False,False,1,1,0.9981978758263974
1042,22,85.24759555072322,False,True,False,False,0,0,0.0004786579187912353
1877,35,87.2019762180535,False,False,True,False,1,1,0.9633649937711447
882,38,22.404123736643783,False,False,False,False,0,0,5.7303475534440645e-05
4300,26,79.03809652038608,False,False,False,True,1,1,0.8512841853005421
1193,14,81.9747854491566,False,False,False,True,1,1,0.9034611994202006
4588,20,103.97647240386028,False,False,True,False,1,1,0.998755519429185
4511,34,89.38453862722663,False,False,False,False,1,1,0.9770841121161319
3671,62,51.05770155507874,True,False,False,False,0,0,2.5779511396893057e-07
625,30,99.1935622963764,True,False,True,False,0,0,0.003625271736673681
2797,19,101.70004834976308,False,False,True,False,1,1,0.997938413686813
4292,35,58.50506792036167,False,False,True,False,0,0,0.0817880237121973
4969,55,119.94963504187216,True,False,False,False,0,0,0.2084809427498302
234,21,26.312990920796647,False,False,False,True,0,0,0.00013109162361715874
4567,38,44.42337003640785,False,False,True,False,0,0,0.0053233334937389815
1663,33,31.51557874028704,False,True,True,False,0,0,1.0602563648933817e-08
416,2,39.31600084084327,True,False,False,False,0,0,2.0961816165169377e-08
4247,65,91.721923101042,False,True,False,False,0,0,0.002002860578145116
2174,60,60.707677937898026,True,False,False,True,0,0,1.853639206507003e-06
1457,9,50.6442336550243,True,False,False,False,0,0,2.1050115962622658e-07
747,66,85.35867700444199,True,False,False,False,0,0,0.00023187028263140053
18,22,51.50105071834246,False,False,False,False,0,0,0.018419927204679838
1201,65,27.079143601117444,True,False,True,False,0,0,2.0264807032766593e-09
1700,13,26.167458362095743,False,False,False,True,0,0,0.00013123547893412223
3254,34,83.97752015704225,False,False,False,False,1,1,0.9330858952939098
597,51,58.78342695710944,False,False,False,False,0,0,0.0781794029310241
3227,26,34.15212024499601,False,True,False,False,0,0,1.817134971957124e-08
4406,25,91.63544828740868,False,False,True,False,1,1,0.9854385456098382
4720,11,65.94833010501654,True,False,True,False,0,0,5.069923364038549e-06
1506,24,41.71032294698904,False,False,True,False,0,0,0.002808401956501178
1413,9,74.12382144338301,False,False,False,False,1,1,0.6415066580116138
1966,10,93.47618113553445,False,False,True,False,1,1,0.9890249295256959
372,29,42.0508787136648,True,False,False,True,0,0,4.049895498596245e-08
1341,47,29.252855436671915,False,False,True,False,0,0,0.0002368589846953743
599,4,92.46962542618245,True,False,False,False,0,0,0.0008946526501615448
239,67,73.00624550517324,False,True,False,False,0,0,4.240082323132486e-05
3401,14,38.29353212842125,False,False,False,True,0,0,0.0015611601680504247
2068,40,52.61060566387934,True,False,False,True,0,0,3.564362442988622e-07
811,30,20.954335306722665,False,False,True,False,0,0,4.340393364060456e-05
1095,20,37.06011246216443,False,False,False,False,0,0,0.0010647880090144128
4325,44,54.15260754213638,False,False,False,False,0,0,0.03545215542796544
4761,36,70.14474198416727,False,False,True,False,1,0,0.4821901304173151
3677,32,60.27761343483331,False,False,False,False,0,0,0.10844559337989355
3465,48,29.4953647418331,False,False,False,False,0,0,0.00025734898148031327
3104,65,93.31530231065854,False,False,True,False,1,1,0.9896668289173605
2750,37,98.16354454432106,False,False,False,False,1,1,0.9958009942127158
2296,41,79.81874999385286,False,False,True,False,1,1,0.8590555198186399
4193,67,59.48007684629531,False,False,True,False,0,0,0.10073502113650354
3709,57,85.93503030992501,True,False,True,False,0,0,0.00028565547946590074
3019,65,91.645298155879,False,False,False,False,1,1,0.9852426134488966
4253,63,45.850056769959394,False,True,False,False,0,0,2.0326046078978417e-07
804,64,85.0833221561485,False,False,True,False,1,1,0.9452622685927317
4191,64,67.89705614534714,False,False,True,False,0,0,0.37630012532958407
3706,6,85.08663952541407,True,False,False,False,0,0,0.00022203640659713595
752,57,44.25442765829708,False,False,False,False,0,0,0.004637923890574697
4645,54,46.56094576664148,False,False,False,True,0,0,0.008796768086124477
2532,40,65.56256153552002,False,True,False,True,0,0,1.0661981699663633e-05
622,64,57.79940386261531,True,False,False,False,0,0,9.196473698220454e-07
2298,49,26.450075868656175,False,True,True,False,0,0,3.978600598450933e-09
3829,31,72.08740366348857,False,False,True,False,1,1,0.5713675956756812
567,25,68.22740000815435,False,True,True,False,0,0,1.6023302568634646e-05
1136,71,25.70943379079437,False,False,False,True,0,0,0.0001259705894551921
1205,68,69.72291950199957,False,False,False,True,0,0,0.4605967152420725
1048,70,36.35537945301874,True,False,True,False,0,0,1.3031885690935046e-08
52,2,45.361277085970826,True,False,False,False,0,0,6.973926882836171e-08
3652,48,51.2760727421816,False,False,False,False,0,0,0.019964559368597444
1045,58,75.39794872200807,False,False,False,True,1,1,0.7239215867154735
2182,58,92.43863559980446,False,False,False,False,1,1,0.9870000977258482
2689,34,102.04690163608537,True,False,True,False,0,0,0.006798561574427441
535,14,52.58245840194487,True,False,False,False,0,0,3.0458638547574327e-07
3185,45,97.90053939240376,False,False,False,True,1,1,0.9960004148823728
3858,43,74.35396465750759,False,True,False,False,0,0,5.9573006997523295e-05
444,13,44.02194332083856,False,False,True,False,0,0,0.004277994428161139
3605,5,44.08780637054827,False,False,False,True,0,0,0.004947042778138559
196,11,50.78741252743674,False,False,False,False,0,0,0.015882527913825994
1116,61,41.26642865113429,False,False,False,True,0,0,0.0028073719071423954
766,47,99.5660230661442,False,False,True,False,1,1,0.9967690603157875
1946,40,40.82776751535458,True,False,False,False,0,0,3.087964819047783e-08
3248,61,47.94694412296486,False,False,False,True,0,0,0.011248004097070958
3003,56,103.3006215201086,False,False,False,False,1,1,0.9985386037225411
1433,41,66.31994363089206,False,False,True,False,0,0,0.284614288812156
4201,53,21.307653417461484,False,False,False,False,0,0,5.115128376820162e-05
3096,26,22.857091772401045,False,False,True,False,0,0,6.727403074422733e-05
2923,50,22.420604442252984,False,True,False,False,0,0,1.7634885888971528e-09
645,23,106.85570282494608,False,False,True,False,1,1,0.9992254637308333
1050,42,82.11063249102031,False,False,True,False,1,1,0.9033112709333828
3746,71,118.09863027986832,False,False,True,False,1,1,0.9999290990183805
4094,13,45.69917353109476,False,False,False,False,0,0,0.006435039991738274
4404,47,89.18468799459681,False,False,False,False,1,1,0.9764455109727807
121,59,52.85581498857984,False,False,False,False,0,0,0.025104701810279125
2053,10,40.94176708218542,True,False,False,False,0,0,3.062076305562547e-08
4259,34,114.2602700484747,False,False,True,False,1,1,0.9998425716623063
4889,59,49.56022775042213,False,False,True,False,0,0,0.015246648550319012
4335,70,96.43240002067036,False,False,False,False,1,1,0.9945235456461332
4692,39,41.04617476832122,True,False,True,False,0,0,3.552758145031153e-08
135,1,72.34071850674718,False,True,False,False,0,0,3.432421004854233e-05
2461,6,85.6179036222687,False,False,True,False,1,1,0.9495288071727288
1955,62,46.94178893295717,False,False,True,False,0,0,0.008423126563070416
2464,46,92.19831469516448,False,False,False,False,1,1,0.9862851955868532
185,36,50.71456481042115,False,False,False,False,0,0,0.016095807384913594
1393,17,114.54948605595,False,False,False,True,1,1,0.9998454763626103
2277,69,98.99745000167728,False,False,False,False,1,1,0.996528122449018
512,3,71.09707430450621,False,False,False,True,1,1,0.506231597496613
4730,52,40.60237235820843,False,False,True,False,0,0,0.0025326233075763194
4055,67,36.27761010253688,False,False,True,False,0,0,0.0010647346687804064
3138,50,51.254365223672224,False,False,False,False,0,0,0.019656192225056518
2670,36,20.50788129757272,True,False,False,True,0,0,5.783653552396547e-10
4774,64,32.648025669130945,False,True,True,False,0,0,1.498349888737808e-08
4862,59,104.358694559354,True,False,False,True,0,0,0.012407096063964533
2118,16,107.37946904198807,False,False,False,False,1,1,0.9993080120578544
252,21,51.1571739582229,True,False,False,False,0,0,2.289738753485414e-07
3527,59,111.32997116000338,True,False,False,False,0,0,0.043264883835212826
3560,68,94.51448098278205,False,False,True,False,1,1,0.991982344535982
4012,56,72.25728202618095,False,True,False,False,0,0,3.987913655079549e-05
1508,37,116.82088408629056,False,False,False,False,1,1,0.9998964545400632
123,66,38.24580406524901,False,False,False,True,0,0,0.0015023954376220648
4260,31,103.21911523075576,False,False,False,True,1,1,0.9986369407772199
3334,55,38.65784992536413,False,False,False,False,0,0,0.0016200823989626807
1872,12,61.44340469683314,False,False,False,True,0,0,0.13429823485551498
3693,15,32.61950910262366,False,False,False,True,0,0,0.0005056303553739437
568,66,25.73103100104868,True,False,True,False,0,0,1.5222565114985262e-09
1372,6,101.3608813367356,False,False,False,False,1,1,0.9976177933350411
3186,10,22.00527097840085,False,False,False,False,0,0,5.451222065384472e-05
3956,64,67.31726516309564,False,False,True,False,0,0,0.34800517362222283
1057,27,96.47762421250891,False,True,True,False,0,0,0.0046651255589452295
857,5,102.36455947530908,False,False,False,False,1,1,0.9980217646446622
3839,54,32.469744712360324,False,False,False,False,0,0,0.0004750095540346082
2861,5,94.28312764656904,False,False,False,True,1,1,0.9913214122146006
4770,47,99.7517406695886,True,False,False,True,0,0,0.004885225754502822
777,10,71.44896023120387,False,False,True,False,1,1,0.5133902909026251
721,6,68.8117543433735,False,False,False,False,0,0,0.3763780299821546
2711,69,116.1888238725708,False,False,False,True,1,1,0.9998987905334884
2655,12,31.32697530646858,False,True,False,False,0,0,9.996336695327226e-09
4878,51,67.2116744233241,True,False,True,False,0,0,6.864376584460869e-06
603,34,105.2212391201674,True,False,True,False,0,0,0.012081528768519078
3823,48,87.227882947408,False,False,True,False,1,1,0.9658315273647277
1245,68,81.36831877287435,True,False,False,True,0,0,0.00011475843394507193
4846,29,54.75998144586509,True,False,True,False,0,0,5.512217774936021e-07
4842,27,69.35308302326209,True,False,False,True,0,0,1.0851499563919401e-05
319,58,42.39245877965895,False,False,False,False,0,0,0.003164525811859843
829,25,24.70583794600189,False,False,False,True,0,0,9.695959050698628e-05
3264,60,66.2687831687827,False,False,False,False,0,0,0.2921530538904191
275,32,91.10009619498112,True,False,True,False,0,0,0.0007126998303455225
2665,38,95.2335177977885,True,False,False,True,0,0,0.0018528984904229637
550,58,48.64737377445836,True,False,False,False,0,0,1.455630605922456e-07
3642,67,62.791469018778535,False,False,True,False,0,0,0.1765234918991704
4054,53,55.647667084778746,False,True,True,False,0,0,1.4591428694189475e-06
4893,29,37.96087388273029,False,False,False,True,0,0,0.0015463636647083856
2935,34,50.139179576635925,False,False,True,False,0,0,0.015783010486771668
606,34,82.35191951741544,False,True,True,False,0,0,0.0002749204362441961
897,51,47.16641913636555,False,False,True,False,0,0,0.008457374674630477
528,36,113.672455585349,False,False,False,False,1,1,0.999799961563438
4608,18,30.68852954890605,True,False,False,False,0,0,4.237791876980727e-09
2348,11,86.65258317853838,False,False,True,False,1,1,0.9586966500922827
3440,20,24.46612163788988,False,False,False,False,0,0,9.091231262173353e-05
4999,35,65.76456160335403,False,True,True,False,0,0,1.1142539151436432e-05
4827,18,66.72873581821202,False,False,False,False,0,0,0.3103314641616971
3923,66,49.14841368425365,True,False,False,False,0,0,1.7781613511729932e-07
299,50,98.25001443802935,True,False,False,False,0,0,0.002973187616995742
2120,5,63.7646302657602,False,False,False,False,0,0,0.1853881096082147
2537,19,59.19980438891485,True,False,True,False,0,0,1.247310250451502e-06
4204,47,22.547269173510717,True,False,True,False,0,0,8.676309698954239e-10
3255,57,25.468462075336557,True,False,False,False,0,0,1.5003137972868717e-09
3726,30,33.518305417143004,False,False,True,False,0,0,0.0005822403873745766
1261,38,93.36428403644484,False,False,False,False,1,1,0.9886574078151326
1559,10,111.75448945963448,True,False,False,False,0,0,0.04230126790822556
3270,7,107.4605794503166,False,True,False,False,0,0,0.04115223401161191
4047,4,65.20885103389725,False,False,False,True,0,0,0.2574353553566573
757,45,56.93541300894323,False,False,True,False,0,0,0.05643812484241123
1011,33,42.5839632223392,False,True,False,True,0,0,1.014263572427053e-07
2795,70,98.56691498778191,False,True,True,False,0,0,0.00777897466655845
2906,21,71.91630395745405,True,False,False,False,0,0,1.577621401886275e-05
1871,60,32.57059065121157,False,False,False,False,0,0,0.0004629099120991145
2230,24,68.22913239962101,False,False,False,False,0,0,0.36337974995975053
1174,13,72.54451263621795,True,False,True,False,0,0,1.7333121693421976e-05
1833,16,90.2156765196904,False,False,True,False,1,1,0.979178914696924
377,16,116.9615938904338,False,False,True,False,1,1,0.9998962202245851
3854,68,25.92233053966075,True,False,False,False,0,0,1.6909079345978036e-09
3617,17,97.76803762748928,False,True,True,False,0,0,0.006388101153090087
799,9,102.27029217172064,False,True,False,True,0,0,0.01518413436013875
379,39,89.95965330235282,True,False,False,False,0,0,0.0005597823668214293
1159,55,92.07251120266788,False,False,False,True,1,1,0.9866951623935285
3820,8,99.68481767721232,True,False,False,False,0,0,0.004148903826639855
2793,46,118.30199980763584,False,True,True,False,0,0,0.2850006312775938
2241,36,99.84842429304254,False,False,True,False,1,1,0.9970277339084397
4036,16,75.41287162104564,False,False,False,False,1,1,0.7147837217689639
2663,23,67.87017205693323,False,False,False,False,0,0,0.3492834741490921
4013,9,98.1952616972152,False,False,True,False,1,1,0.9959336078263856
2958,15,85.31367332918553,True,False,False,True,0,0,0.0002494524277495888
3928,43,94.62543451462884,False,False,True,False,1,1,0.992011493120752
1039,40,49.64448877441531,False,False,False,True,0,0,0.014497197339425456
3260,53,112.83357720056216,False,False,False,False,1,1,0.9997842917429428
1345,7,90.89642671237776,True,False,True,False,0,0,0.0006844024112672867
2506,41,27.563036383454943,True,False,False,False,0,0,2.1972899420279335e-09
1722,63,56.00996307821133,False,False,False,False,0,0,0.0483634476286995
4664,45,113.91092207326888,False,False,True,False,1,1,0.9998350577800615
176,69,48.94408949682082,False,False,False,False,0,0,0.011767673804612733
4894,3,93.50231981781704,False,False,False,False,1,1,0.9895763281583745
1910,68,72.57703366832254,False,False,False,False,1,1,0.5871852911020642
46,8,77.38505979750266,False,True,False,True,0,0,0.0001028569900001329
3410,62,107.12646852701572,False,False,False,False,1,1,0.9993326923010151
4675,67,113.8760127163759,False,True,True,False,0,0,0.1502586469324511
1076,53,111.06649953838884,True,False,True,False,0,0,0.03924671585290966
2830,67,78.76847503950108,False,True,True,False,0,0,0.00014775650700780138
1505,61,101.3710270757308,False,False,False,False,1,1,0.9977745072367801
2310,39,100.6778142506314,False,True,False,True,0,0,0.011929940821142014
1437,54,109.86677015526638,False,False,False,False,1,1,0.9995899472034544
2419,34,105.44550831854036,False,False,True,False,1,1,0.9990326203689307
3987,13,83.62188286693447,False,False,True,False,1,1,0.9297852249840521
3099,45,49.26714457594242,True,False,True,False,0,0,1.7809718657745404e-07
4589,39,119.71702514257244,False,False,False,True,1,1,0.9999509086139179
284,24,28.11642244637145,False,True,False,True,0,0,5.416203439422906e-09
4919,22,81.46411190545018,False,False,True,False,1,1,0.8989965007544949
843,15,70.96564508037606,False,False,True,False,1,0,0.4910389806612628
1514,49,116.4928601501826,True,False,True,False,0,0,0.10881835062992541
1169,55,38.94434331674027,True,False,False,False,0,0,2.1088935213066913e-08
1593,51,53.86112291126325,False,False,False,True,0,0,0.03400901684747451
3461,53,83.34641192357726,False,False,False,False,1,1,0.9266110569274064
3166,65,24.095153214947977,False,False,True,False,0,0,9.030587832580442e-05
2285,33,92.49311975196191,True,False,False,True,0,0,0.0010537055443901845
3576,1,65.6938849898249,False,False,True,False,0,0,0.26208603988828294
4871,25,92.20974462678808,True,False,False,True,0,0,0.001057446179491648
2306,57,71.13390897961327,True,False,False,False,0,0,1.3825642118870549e-05
953,49,24.791386791333373,False,False,True,False,0,0,9.607348176727312e-05
4943,59,25.42711853893736,False,False,True,False,0,0,0.00012286377210647394
3054,53,98.39285884528,True,False,False,False,0,0,0.0033047103155344226
4560,66,107.25740192976446,False,False,False,True,1,1,0.9994212551472826
2686,33,85.56294121143175,False,False,True,False,1,1,0.9507489585683487
1490,18,32.16052593480571,False,True,False,True,0,0,1.2498899904416313e-08
928,7,65.01098586850296,False,False,False,False,0,0,0.22094713104082772
1210,43,23.301193590032725,True,False,False,False,0,0,9.051641865166699e-10
3974,40,86.92570925796483,True,False,False,True,0,0,0.0003643249250989224
3546,60,87.28550378096911,False,False,True,False,1,1,0.9664130859518415
4362,69,58.54210997298786,False,False,False,False,0,0,0.08362323929531375
1922,63,119.18317924636304,False,False,False,False,1,1,0.9999380830765591
352,23,21.4381235984153,False,False,False,False,0,0,4.576044132534727e-05
4899,12,25.00358364347567,False,True,False,False,0,0,2.988890110224809e-09
3394,47,108.19032847634595,True,False,False,False,0,0,0.023139801045059076
2722,59,37.57838158303818,True,False,False,False,0,0,1.6796872763290496e-08
4982,19,76.26325958673883,True,False,False,True,0,0,4.312668630465998e-05
719,42,38.6931429441447,False,True,False,False,0,0,4.299090083135945e-08
2703,60,95.62335898162132,False,False,False,False,1,1,0.9932026980211945
2723,67,34.49325271095006,True,False,False,False,0,0,9.132862301638114e-09
4562,16,100.79656892607574,False,False,True,False,1,1,0.9976361484252847
309,65,21.827506972350623,True,False,True,False,0,0,6.904563064789208e-10
1676,28,67.13217941050684,False,False,True,False,0,0,0.3170990961916406
834,39,65.70596592657763,False,False,False,False,0,0,0.25219444170005717
367,67,61.12040672118541,True,False,True,False,0,0,1.82638960837614e-06
4507,22,80.77091118319272,False,False,False,False,1,1,0.8820810395392709
2079,21,71.90216935785557,False,False,False,True,1,1,0.5619040441680734
4039,68,86.51201781136157,True,False,False,True,0,0,0.0003468005403363786
4847,33,91.27717935169044,False,False,True,False,1,1,0.9846902998625532
4480,16,46.615838605117645,True,False,False,True,0,0,1.112646189352422e-07
1747,26,89.2514012761193,False,False,False,False,1,1,0.9744866454283707
20,59,26.91535677185012,False,False,False,True,0,0,0.00015356552480761895
1323,28,20.704291462414183,False,True,False,False,0,0,1.167922410610058e-09
3568,5,99.38956551945168,False,False,True,False,1,1,0.9967434653977477
2522,44,24.02813067339803,True,False,False,False,0,0,1.0859560723786035e-09
219,33,33.22879476510383,False,False,True,False,0,0,0.0005017727055619497
1488,44,94.20224518797602,False,False,False,False,1,1,0.9905166317720457
439,13,54.283896480545074,False,True,True,False,0,0,9.625628058007805e-07
4175,40,55.81447811958055,True,False,True,False,0,0,6.772355565046242e-07
2751,49,30.351294700613103,False,False,False,False,0,0,0.0003000445393798334
3289,57,71.93976852834676,True,False,False,False,0,0,1.6684293125357745e-05
3434,55,61.543901625966086,False,False,False,True,0,0,0.14774023102667533
2526,68,100.22030088358564,True,False,False,True,0,0,0.005173157100087758
4651,17,76.25121191353166,True,False,True,False,0,0,4.018867238897468e-05
3689,19,30.559839602614097,False,False,False,False,0,0,0.00031006272274551426
2764,68,54.31738572072835,False,True,False,True,0,0,1.1625115828463426e-06
803,40,103.94532342095508,False,False,True,False,1,1,0.9986450684796547
2998,2,24.01246202610095,True,False,False,False,0,0,1.0452973416480199e-09
2229,1,48.38781815907132,False,True,False,False,0,0,2.983532204091939e-07
4786,60,60.18396856899208,False,True,True,False,0,0,3.7240940221218272e-06
2078,46,53.63937234029094,False,False,False,False,0,0,0.03034127104894947
583,33,47.96363184932062,False,False,True,False,0,0,0.009628671480078892
204,60,90.56353963689816,False,False,False,True,1,1,0.9817251348000444
4347,66,28.70820495914286,False,False,True,False,0,0,0.00023525039027440936
3479,10,34.510557339645025,False,False,True,False,0,0,0.0006897195966635328
2930,4,93.8928296130955,False,False,True,False,1,1,0.9900843713504517
3086,56,77.26828158566894,False,False,True,False,1,1,0.7915825963118809
1019,1,110.9743686712684,False,False,False,False,1,1,0.9996472130379143
1584,20,39.16713188302744,False,False,True,False,0,0,0.0016845113249766518
1033,44,37.41566923953963,False,False,True,False,0,0,0.0012012677917543058
1719,13,58.95160259454087,False,False,False,True,0,0,0.08580581569254041
1282,40,66.70178665217418,True,False,False,True,0,0,5.8826393802421925e-06
2499,53,107.06714682143208,False,True,False,False,0,0,0.03932883971131767
3351,29,78.6646327774925,False,False,False,False,1,1,0.827352504301809
518,38,58.76951548390068,False,False,True,False,0,0,0.07847578544920544
1748,37,44.35283388995363,False,False,False,True,0,0,0.005146213308117228
4653,62,84.38939417732101,False,False,True,False,1,1,0.9432625143067834
3733,48,88.89999849885683,False,False,False,False,1,1,0.9746833194100937
669,5,94.34351739561944,False,False,False,False,1,1,0.990152289610183
4060,62,68.7581603396716,True,False,False,True,0,0,9.814669583781107e-06
3027,44,89.33819006148553,True,False,False,False,0,0,0.0005336872457209217
4933,6,32.903678781043666,False,True,True,False,0,0,1.4827063023684962e-08
3287,27,101.53546238555614,True,False,False,True,0,0,0.0065502959171539
2651,16,51.103666726033694,False,False,False,False,0,0,0.018136985018329985
4454,23,93.49829716298954,False,True,False,False,0,0,0.002739258231867375
3193,71,92.12872689738266,False,False,True,False,1,1,0.9870467083549764
2125,10,55.62498946037801,False,False,True,False,0,0,0.04384339716936747
3376,12,43.656792521110006,False,False,False,False,0,0,0.004196158141614766
3393,66,86.14478166131012,False,False,True,False,1,1,0.9582538274195335
3486,38,37.139831232475245,False,False,True,False,0,0,0.0012057904873258153
760,70,115.3945212493776,True,False,False,True,0,0,0.09428402418440955
3380,12,104.24569861184136,False,False,False,False,1,1,0.9987412757310044
4441,63,107.18662458509448,False,False,False,True,1,1,0.9994090990548758
2527,35,54.87612473960884,True,False,False,False,0,0,5.21208002011285e-07
4859,37,66.23617841477333,True,False,False,False,0,0,5.422414729926523e-06
908,57,43.96457849575566,False,False,False,False,0,0,0.004395569463533984
2684,32,27.714437408606106,True,False,False,False,0,0,2.2526606102560583e-09
215,3,43.3072811890835,False,False,True,False,0,0,0.003644889173415456
3332,49,105.58229071239036,False,False,True,False,1,1,0.9990970738282704
4459,37,70.22748645953874,True,False,True,False,0,0,1.222767565023044e-05
694,59,40.90370373859223,False,False,False,True,0,0,0.002575794487953966
1504,58,41.56097652430448,True,False,True,False,0,0,3.694773600709559e-08
2415,62,22.979050403262217,False,False,False,True,0,0,7.465487504049232e-05
2119,1,70.18203755405109,True,False,True,False,0,0,1.0921869105726305e-05
3859,66,91.1682059355086,False,False,False,False,1,1,0.9841593152862183
2463,59,48.1791647509266,False,True,False,False,0,0,3.0758479778165454e-07
3636,24,100.73456212003686,False,False,False,False,1,1,0.9975102688125354
4106,55,64.39882143420303,True,False,False,True,0,0,4.068513859919863e-06
4479,22,101.0125427718857,True,False,True,False,0,0,0.005725119939545675
197,57,67.72000794179613,False,True,False,True,0,0,1.5733528363591882e-05
4668,39,87.92470013242746,False,False,True,False,1,1,0.9705114971221387
1544,70,46.62315014988103,False,True,False,False,0,0,2.2244234501397518e-07
1331,17,83.01750848870415,True,False,True,False,0,0,0.00014269128023841087
880,20,114.23714394684146,False,True,False,True,0,0,0.14696209616003889
4503,50,38.67808071623706,True,False,False,True,0,0,2.3571111961343642e-08
3502,42,88.83307623326769,False,False,False,False,1,1,0.9740224154148049
3895,22,119.9707637821831,False,False,True,False,1,1,0.9999486952090453
4991,37,87.32042460158094,False,False,True,False,1,1,0.9670445768428778
888,13,115.58431471751638,True,False,False,False,0,0,0.0857556142309687
1346,29,110.6100928680426,False,False,True,False,1,1,0.9996441818509976
69,26,63.59951805705858,False,False,True,False,0,0,0.1793535828526562
4211,1,69.97056733346554,False,False,False,False,0,0,0.45397911891573195
1816,2,100.38598862488226,False,False,False,True,1,1,0.9973487751194563
569,10,37.45898512471864,False,True,True,False,0,0,3.301462312782834e-08
2168,4,112.9791722630503,False,False,False,False,1,1,0.9997718896301118
97,44,33.292804270798264,False,False,True,False,0,0,0.0005129664933975535
4182,56,112.7206464790831,False,False,False,False,1,1,0.9997854833677104
3354,40,27.03681079060293,False,False,False,True,0,0,0.00016840688063389728
140,27,52.37308256104237,False,False,True,False,0,0,0.022573584017723487
4955,26,20.814624819423518,False,False,True,False,0,0,4.695983348217858e-05
2603,11,44.22933292004665,False,False,False,False,0,0,0.004602650070995857
4024,13,113.42532990963612,False,False,False,False,1,1,0.9998035653563085
4773,38,53.86432714478632,True,False,False,True,0,0,4.916931684669899e-07
1607,38,97.84284067814,False,True,False,False,0,0,0.006145855351628536
1630,1,111.70767794698132,False,False,True,False,1,1,0.9997074306425534
1540,62,28.379097254826164,False,False,False,False,0,0,0.00019853289254560528
1695,36,69.34799980728778,False,False,True,False,0,0,0.4223007564136908
2060,32,110.7750800241238,False,False,False,True,1,1,0.9996820753721711
464,39,28.710928946143405,True,False,False,False,0,0,2.6122409503956905e-09
2331,28,45.46616864324468,True,False,False,False,0,0,7.799114515311261e-08
3044,29,76.14779437366768,False,False,False,False,1,1,0.7415819232149707
4735,68,61.32033805968588,False,False,True,False,0,0,0.14130550675488002
595,17,26.971942583372947,False,False,False,False,0,0,0.000138703121012776
3815,59,37.929623526004846,False,False,False,True,0,0,0.0015447071045796043
626,51,60.23070413823719,False,False,False,False,0,0,0.10188587295666786
451,9,79.93729928719864,False,False,False,False,1,1,0.8483145196436641
1500,63,28.066976739117734,False,False,True,False,0,0,0.00019099948438064052
2457,14,37.216868855264906,False,False,False,True,0,0,0.001227010061732678
4723,19,51.08301010274947,False,True,True,False,0,0,5.724032180305747e-07
2985,12,39.510882002421,False,False,False,False,0,0,0.0018129715737030345
1570,64,47.41640376723001,False,False,True,False,0,0,0.00918243087622845
1035,30,91.44596838857818,True,False,False,True,0,0,0.0008233635563635412
3519,58,50.972922175133,False,True,True,False,0,0,5.666975302797334e-07
1558,11,116.30941308978024,False,False,True,False,1,1,0.9998847658676335
3625,42,43.97090782424447,False,False,False,True,0,0,0.005042541821911888
4665,69,44.999873522383176,True,False,False,False,0,0,7.923964447364057e-08
151,58,79.9967858261066,True,False,False,False,0,0,7.719794486490406e-05
1421,21,33.06726304132624,True,False,True,False,0,0,6.439881104399376e-09
2012,60,82.20091888089806,False,True,True,False,0,0,0.00028530495784429325
2687,24,43.92588627514639,False,True,False,False,0,0,1.267628150899695e-07
1787,19,48.71647651305575,False,True,True,False,0,0,3.291747476055108e-07
89,7,90.70152942725908,False,True,False,True,0,0,0.0014823727416129256
458,25,77.89653202958044,False,False,False,False,1,1,0.7909643929752571
1306,39,36.25612059314151,False,False,True,False,0,0,0.0009539188716431812
2926,24,28.008950967116125,False,True,True,False,0,0,5.3754158537711565e-09
3271,38,76.38670318917666,False,False,True,False,1,1,0.758092814559117
3228,40,108.24701949431356,False,False,False,True,1,1,0.9994932974801193
1989,42,69.91698332626618,False,False,True,False,0,0,0.453992681002779
3755,64,112.87293692773356,True,False,False,False,0,0,0.05868647134389972
3647,50,98.6483034295906,False,False,False,False,1,1,0.9963332049432865
832,53,61.44083977184951,False,False,False,False,0,0,0.1271883957357557
240,17,66.79804624780434,False,False,True,False,0,0,0.29210015400223815
4682,70,70.81637904581747,False,False,False,True,1,1,0.539149941226723
3023,49,115.78302174752766,True,False,False,True,0,0,0.10455064464628601
3149,62,67.2879322210545,True,False,False,False,0,0,6.579112867945128e-06
1947,17,40.52200872940718,False,False,False,False,0,0,0.0021708315907753473
2776,28,97.95528687952616,False,True,False,False,0,0,0.0064113418175323405
193,40,83.60473423391267,False,True,True,False,0,0,0.0003518765921576656
4850,2,80.21687693888833,False,False,True,False,1,1,0.8711860010659865
4940,43,21.25950381694268,False,False,True,False,0,0,5.232184627577505e-05
945,26,37.302386975116434,False,True,False,False,0,0,3.213855787761668e-08
1269,28,42.9393502154382,True,False,True,False,0,0,4.6775345449099345e-08
4232,67,26.31605281641393,True,False,False,False,0,0,1.8463412433930957e-09
2308,16,24.986457649417886,False,False,False,False,0,0,9.744012704592569e-05
4425,59,38.47139095698832,False,False,True,False,0,0,0.001653236433621764
4712,39,79.03131723250685,False,False,True,False,1,1,0.8471258677619895
2314,59,78.81437067295983,False,False,False,True,1,1,0.8434437511617795
3215,68,112.95057053681488,False,False,False,True,1,1,0.9998086996905748
2733,59,66.55056665274797,False,False,False,False,0,0,0.3007215692937555
1927,60,92.7268470452434,False,False,False,True,1,1,0.9886117627044961
